1,,,avatar/default.jpeg,20,163,48,F,3,AL,7,0,
2,,,avatar/default.jpeg,19,163,58,F,3,AK,8,0,
3,,,avatar/default.jpeg,20,176,67,F,2,AZ,9,0,
4,,,avatar/default.jpeg,22,172,59,F,3,AR,10,1,
5,,,avatar/default.jpeg,20,170,59,F,2,CA,11,0,
6,,,avatar/default.jpeg,20,186,77,M,2,CO,12,0,
7,,,avatar/default.jpeg,20,177,50,F,2,CT,13,0,
8,,,avatar/default.jpeg,19,184,90,M,3,DE,14,0,
9,,,avatar/default.jpeg,18,166,55,F,2,FL,15,0,
10,,,avatar/default.jpeg,19,174,60,F,2,GA,16,0,
11,,,avatar/default.jpeg,19,175,60,F,2,HI,17,0,
12,,,avatar/default.jpeg,17,176,60,F,1,ID,18,0,
13,,,avatar/default.jpeg,24,168,55,F,3,IL,19,0,
14,,,avatar/default.jpeg,19,165,55,F,2,IN,20,0,
15,,,avatar/default.jpeg,22,175,57,F,3,IA,21,0,
16,,,avatar/default.jpeg,18,177,77,M,2,KS,22,1,
17,,,avatar/default.jpeg,19,175,65,F,3,KY,23,0,
18,,,avatar/default.jpeg,20,168,65,F,2,LA,24,0,
19,,,avatar/default.jpeg,18,181,78,M,2,LA,25,0,
20,,,avatar/default.jpeg,18,188,90,M,2,LA,26,0,
21,,,avatar/default.jpeg,20,186,77,M,2,LA,27,0,
22,,,avatar/default.jpeg,24,186,85,M,2,LA,28,0,
23,,,avatar/default.jpeg,22,167,70,F,3,LA,29,0,
24,,,avatar/default.jpeg,20,168,54,F,2,LA,30,0,
25,,,avatar/default.jpeg,19,167,51,F,2,LA,31,0,
26,,,avatar/default.jpeg,20,170,56,F,2,LA,32,1,
27,,,avatar/default.jpeg,22,165,63,F,3,LA,33,0,
28,,,avatar/default.jpeg,19,163,50,F,2,LA,34,0,
29,,,avatar/default.jpeg,20,187,80,M,2,LA,35,1,
30,,,avatar/default.jpeg,19,168,60,F,2,NJ,36,0,
31,,,avatar/default.jpeg,25,183,87,M,2,NJ,37,0,
32,,,avatar/default.jpeg,22,177,80,F,2,NJ,38,0,
33,,,avatar/default.jpeg,20,158,46,F,2,NJ,39,0,
34,,,avatar/default.jpeg,27,170,70,F,4,NJ,40,0,
35,,,avatar/default.jpeg,20,177,67,M,3,NJ,41,0,
36,,,avatar/default.jpeg,19,170,72,F,2,NJ,42,0,
37,,,avatar/default.jpeg,18,173,65,F,2,NJ,43,0,
38,,,avatar/default.jpeg,21,185,101,M,2,NJ,44,0,
39,,,avatar/default.jpeg,23,168,60,F,2,NJ,45,0,
40,,,avatar/default.jpeg,21,155,46,F,2,NJ,46,0,
41,,,avatar/default.jpeg,26,172,62,F,2,NJ,47,0,
42,,,avatar/default.jpeg,20,188,80,M,3,TN,48,0,
43,,,avatar/default.jpeg,19,170,90,F,2,TX,49,1,
44,,,avatar/default.jpeg,20,163,55,F,3,UT,50,0,
45,,,avatar/default.jpeg,25,170,67,F,4,VT,51,0,
46,,,avatar/default.jpeg,27,181,78,M,4,VA,52,0,
47,,,avatar/default.jpeg,21,163,55,F,3,WA,53,0,
48,,,avatar/default.jpeg,19,170,60,F,2,WV,54,1,
49,,,avatar/default.jpeg,20,171,70,F,2,WI,55,1,
50,,,avatar/default.jpeg,20,157,41,F,1,WY,56,0,
51,,,avatar/default.jpeg,19,175,60,F,3,AL,57,0,
52,,,avatar/default.jpeg,19,180,75,F,2,AK,58,0,
53,,,avatar/default.jpeg,21,160,58,F,2,AZ,59,0,
54,,,avatar/default.jpeg,18,164,51,F,2,AR,60,0,
55,,,avatar/default.jpeg,21,160,57,F,3,CA,61,0,
56,,,avatar/default.jpeg,23,165,45,F,3,CO,62,0,
57,,,avatar/default.jpeg,20,170,64,F,2,CT,63,1,
58,,,avatar/default.jpeg,21,157,45,F,2,DE,64,0,
59,,,avatar/default.jpeg,19,185,71,M,2,FL,65,0,
60,,,avatar/default.jpeg,22,178,74,M,3,GA,66,0,
61,,,avatar/default.jpeg,23,175,72,M,3,HI,67,0,
62,,,avatar/default.jpeg,23,165,56,M,2,AL,68,0,
63,,,avatar/default.jpeg,23,189,81,M,2,AK,69,0,
64,,,avatar/default.jpeg,22,180,78,M,3,AZ,70,0,
65,,,avatar/default.jpeg,18,180,52,F,1,AR,71,1,
66,,,avatar/default.jpeg,17,185,84,M,1,CA,72,1,
67,,,avatar/default.jpeg,20,183,83,M,2,CO,73,0,
68,,,avatar/default.jpeg,24,160,58,F,3,CT,74,1,
69,,,avatar/default.jpeg,18,162,50,F,3,DE,75,0,
70,,,avatar/default.jpeg,20,163,47,F,2,FL,76,0,
71,,,avatar/default.jpeg,17,185,82,M,2,GA,77,1,
72,,,avatar/default.jpeg,20,175,83,M,2,HI,78,1,
73,,,avatar/default.jpeg,28,168,52,F,2,ID,79,0,
74,,,avatar/default.jpeg,21,177,80,M,2,IL,80,1,
75,,,avatar/default.jpeg,22,190,80,M,4,AL,81,0,
76,,,avatar/default.jpeg,20,192,77,M,2,AK,82,0,
77,,,avatar/default.jpeg,18,188,75,M,2,AZ,83,0,
78,,,avatar/default.jpeg,21,175,60,F,2,AR,84,0,
79,,,avatar/default.jpeg,24,148,57,F,3,CA,85,0,
80,,,avatar/default.jpeg,21,173,63,F,2,CO,86,0,
81,,,avatar/default.jpeg,19,163,48,F,2,CT,87,0,
82,,,avatar/default.jpeg,22,177,80,M,2,DE,88,0,
83,,,avatar/default.jpeg,18,163,47,F,2,FL,89,0,
84,,,avatar/default.jpeg,22,163,53,F,2,GA,90,0,
85,,,avatar/default.jpeg,19,168,48,F,2,HI,91,1,
86,,,avatar/default.jpeg,22,159,53,M,3,ID,92,0,
87,,,avatar/default.jpeg,24,179,65,M,4,IL,93,0,
88,,,avatar/default.jpeg,18,159,50,F,3,IN,94,0,
89,,,avatar/default.jpeg,21,164,75,F,2,IA,95,1,
90,,,avatar/default.jpeg,22,156,50,F,4,KS,96,0,
91,,,avatar/default.jpeg,19,154,58,F,2,KY,97,0,
92,,,avatar/default.jpeg,18,168,50,F,2,LA,98,0,
93,,,avatar/default.jpeg,19,170,63,F,3,ME,99,1,
94,,,avatar/default.jpeg,24,175,80,M,4,MD,100,0,
95,,,avatar/default.jpeg,21,179,68,M,2,MA,101,0,
96,,,avatar/default.jpeg,21,180,75,M,3,MI,102,0,
97,,,avatar/default.jpeg,19,182,81,M,3,MN,103,0,
98,,,avatar/default.jpeg,19,200,75,M,1,MS,104,0,
99,,,avatar/default.jpeg,22,187,70,M,2,MO,105,0,
100,,,avatar/default.jpeg,18,162,50,F,2,MT,106,0,
101,,,avatar/default.jpeg,21,172,71,F,2,NE,107,0,
102,,,avatar/default.jpeg,18,194,90,M,2,NV,108,0,
103,,,avatar/default.jpeg,20,168,55,F,2,NH,109,1,
104,,,avatar/default.jpeg,22,185,80,M,2,NJ,110,1,
105,,,avatar/default.jpeg,21,180,70,M,2,NJ,111,0,
106,,,avatar/default.jpeg,24,178,74,M,3,NJ,112,0,
107,,,avatar/default.jpeg,19,182,80,M,2,NJ,113,0,
108,,,avatar/default.jpeg,18,178,55,F,2,NJ,114,0,
109,,,avatar/default.jpeg,17,168,61,F,1,NJ,115,0,
110,,,avatar/default.jpeg,18,176,65,M,2,NJ,116,1,
111,,,avatar/default.jpeg,21,185,70,M,3,NJ,117,0,
112,,,avatar/default.jpeg,22,166,56,F,3,NJ,118,0,
113,,,avatar/default.jpeg,20,163,54,F,2,NJ,119,0,
114,,,avatar/default.jpeg,21,162,60,F,3,NJ,120,0,
115,,,avatar/default.jpeg,19,163,54,F,2,SD,121,0,
116,,,avatar/default.jpeg,17,175,62,F,2,TN,122,1,
117,,,avatar/default.jpeg,21,169,61,F,3,TX,123,0,
118,,,avatar/default.jpeg,18,165,55,F,2,UT,124,0,
119,,,avatar/default.jpeg,23,175,60,M,3,VT,125,0,
120,,,avatar/default.jpeg,16,161,54,F,2,VA,126,0,
121,,,avatar/default.jpeg,23,188,90,M,3,WA,127,1,
122,,,avatar/default.jpeg,21,180,85,M,2,WV,128,0,
123,,,avatar/default.jpeg,23,156,56,F,4,WI,129,1,
124,,,avatar/default.jpeg,20,172,80,F,2,WY,130,1,
125,,,avatar/default.jpeg,20,176,69,M,2,AL,131,0,
126,,,avatar/default.jpeg,20,157,54,F,2,AK,132,0,
127,,,avatar/default.jpeg,20,163,56,F,2,AZ,133,0,
128,,,avatar/default.jpeg,19,177,64,F,1,AR,134,0,
129,,,avatar/default.jpeg,15,173,49,F,1,CA,135,0,
130,,,avatar/default.jpeg,20,178,75,F,2,CO,136,0,
131,,,avatar/default.jpeg,19,168,66,F,2,CT,137,0,
132,,,avatar/default.jpeg,18,193,103,M,1,DE,138,1,
133,,,avatar/default.jpeg,15,170,51,F,1,FL,139,0,
134,,,avatar/default.jpeg,20,170,50,F,3,GA,140,0,
135,,,avatar/default.jpeg,16,170,59,F,2,HI,141,1,
136,,,avatar/default.jpeg,18,185,62,M,2,AL,142,0,
137,,,avatar/default.jpeg,21,185,90,M,2,AK,143,0,
138,,,avatar/default.jpeg,21,185,90,M,1,AZ,144,1,
139,,,avatar/default.jpeg,20,168,50,F,2,AR,145,0,
140,,,avatar/default.jpeg,19,168,53,F,3,CA,146,0,
141,,,avatar/default.jpeg,19,175,52,F,3,CO,147,0,
142,,,avatar/default.jpeg,19,170,65,F,1,CT,148,1,
143,,,avatar/default.jpeg,19,170,65,M,1,DE,149,0,
144,,,avatar/default.jpeg,20,168,62,F,2,FL,150,0,
145,,,avatar/default.jpeg,21,180,66,M,2,GA,151,0,
146,,,avatar/default.jpeg,19,165,78,F,2,HI,152,0,
147,,,avatar/default.jpeg,21,180,72,M,2,ID,153,0,
148,,,avatar/default.jpeg,18,185,83,M,2,IL,154,0,
149,,,avatar/default.jpeg,20,165,55,M,2,AL,155,0,
150,,,avatar/default.jpeg,19,184,85,M,3,AK,156,0,
151,,,avatar/default.jpeg,22,177,61,F,2,AZ,157,0,
152,,,avatar/default.jpeg,20,180,100,M,2,AR,158,0,
153,,,avatar/default.jpeg,25,170,72,M,3,CA,159,0,
154,,,avatar/default.jpeg,21,170,52,F,3,CO,160,1,
155,,,avatar/default.jpeg,24,185,81,M,3,CT,161,0,
156,,,avatar/default.jpeg,19,171,72,F,2,DE,162,0,
157,,,avatar/default.jpeg,25,177,97,M,5,FL,163,1,
158,,,avatar/default.jpeg,26,175,60,M,4,GA,164,0,
159,,,avatar/default.jpeg,15,160,48,F,0,HI,165,0,
160,,,avatar/default.jpeg,20,190,70,M,2,ID,166,0,
161,,,avatar/default.jpeg,19,194,79,M,2,IL,167,0,
162,,,avatar/default.jpeg,20,172,73,F,2,IN,168,1,
163,,,avatar/default.jpeg,21,190,89,M,3,IA,169,1,
164,,,avatar/default.jpeg,22,184,71,M,2,KS,170,0,
165,,,avatar/default.jpeg,20,188,66,M,2,KY,171,0,
166,,,avatar/default.jpeg,20,168,60,F,3,LA,172,1,
167,,,avatar/default.jpeg,21,161,65,F,2,ME,173,0,
168,,,avatar/default.jpeg,21,183,98,M,1,MD,174,0,
169,,,avatar/default.jpeg,20,180,71,F,2,MA,175,1,
170,,,avatar/default.jpeg,19,157,57,F,2,MI,176,1,
171,,,avatar/default.jpeg,19,176,64,M,2,MN,177,0,
172,,,avatar/default.jpeg,20,180,72,M,2,MS,178,1,
173,,,avatar/default.jpeg,22,191,85,M,2,MO,179,0,
174,,,avatar/default.jpeg,21,187,75,M,2,MT,180,0,
175,,,avatar/default.jpeg,26,183,78,M,2,NE,181,1,
176,,,avatar/default.jpeg,17,163,61,F,1,NV,182,1,
177,,,avatar/default.jpeg,22,178,80,M,3,NH,183,1,
178,,,avatar/default.jpeg,26,169,70,M,4,NJ,184,0,
179,,,avatar/default.jpeg,20,160,50,F,4,NM,185,0,
180,,,avatar/default.jpeg,22,182,75,M,2,NY,186,0,
181,,,avatar/default.jpeg,21,175,60,M,2,NY,187,1,
182,,,avatar/default.jpeg,23,180,80,M,2,NY,188,1,
183,,,avatar/default.jpeg,19,158,47,F,2,NY,189,1,
184,,,avatar/default.jpeg,20,180,70,M,3,NY,190,0,
185,,,avatar/default.jpeg,21,174,85,F,3,NY,191,1,
186,,,avatar/default.jpeg,19,167,55,F,2,NY,192,0,
187,,,avatar/default.jpeg,29,169,65,F,4,NY,193,0,
188,,,avatar/default.jpeg,22,183,80,F,3,NY,194,0,
189,,,avatar/default.jpeg,19,170,55,F,3,NY,195,0,
190,,,avatar/default.jpeg,17,166,54,F,1,NY,196,0,
191,,,avatar/default.jpeg,16,158,48,F,1,NY,197,0,
192,,,avatar/default.jpeg,29,160,67,F,4,NY,198,0,
193,,,avatar/default.jpeg,18,158,65,F,2,NY,199,0,
194,,,avatar/default.jpeg,26,169,70,M,4,NY,200,0,
195,,,avatar/default.jpeg,19,183,78,M,2,NY,201,0,
196,,,avatar/default.jpeg,19,185,70,M,2,NY,202,1,
197,,,avatar/default.jpeg,20,169,64,F,2,NY,203,1,
198,,,avatar/default.jpeg,22,160,47,F,3,NY,204,1,
199,,,avatar/default.jpeg,20,186,88,M,2,NY,205,0,
200,,,avatar/default.jpeg,21,186,89,M,2,NY,206,0,
201,,,avatar/default.jpeg,21,169,55,M,2,NY,207,0,
202,,,avatar/default.jpeg,18,168,56,M,2,NY,208,1,
203,,,avatar/default.jpeg,15,181,63,M,1,NY,209,1,
204,,,avatar/default.jpeg,19,163,50,F,3,NY,210,0,
205,,,avatar/default.jpeg,24,169,51,F,3,NY,211,0,
206,,,avatar/default.jpeg,19,160,53,F,2,NY,212,1,
207,,,avatar/default.jpeg,25,184,85,M,3,NY,213,0,
208,,,avatar/default.jpeg,20,170,62,F,3,NY,214,0,
209,,,avatar/default.jpeg,19,170,60,F,2,NY,215,0,
210,,,avatar/default.jpeg,21,,66,M,2,NY,216,0,
211,,,avatar/default.jpeg,23,184,82,M,2,NY,217,0,
212,,,avatar/default.jpeg,21,176,55,F,2,NY,218,0,
213,,,avatar/default.jpeg,20,170,62,M,2,NY,219,0,
214,,,avatar/default.jpeg,20,168,69,F,2,NY,220,0,
215,,,avatar/default.jpeg,18,173,55,F,1,NY,221,0,
216,,,avatar/default.jpeg,27,180,80,M,2,NY,222,0,
217,,,avatar/default.jpeg,17,163,68,F,2,DE,223,1,
218,,,avatar/default.jpeg,19,178,60,F,1,FL,224,0,
219,,,avatar/default.jpeg,18,182,70,M,1,GA,225,0,
220,,,avatar/default.jpeg,26,192,90,M,2,HI,226,0,
221,,,avatar/default.jpeg,18,200,90,M,2,ID,227,0,
222,,,avatar/default.jpeg,30,178,71,M,4,IL,228,0,
223,,,avatar/default.jpeg,24,153,42,F,2,AL,229,0,
224,,,avatar/default.jpeg,20,168,51,F,2,AK,230,1,
225,,,avatar/default.jpeg,20,172,56,M,2,AZ,231,0,
226,,,avatar/default.jpeg,20,176,64,M,2,AR,232,0,
227,,,avatar/default.jpeg,25,164,54,M,2,CA,233,0,
228,,,avatar/default.jpeg,19,168,68,F,2,CO,234,0,
229,,,avatar/default.jpeg,20,157,48,F,2,CT,235,0,
230,,,avatar/default.jpeg,21,173,73,M,2,DE,236,0,
231,,,avatar/default.jpeg,19,173,63,F,2,FL,237,0,
232,,,avatar/default.jpeg,19,171,55,F,2,FL,238,1,
233,,,avatar/default.jpeg,19,168,60,F,2,FL,239,0,
234,,,avatar/default.jpeg,18,165,48,F,1,FL,240,0,
235,,,avatar/default.jpeg,18,168,65,F,3,FL,241,0,
236,,,avatar/default.jpeg,16,174,64,F,2,FL,242,1,
237,,,avatar/default.jpeg,19,171,57,F,2,FL,243,1,
238,,,avatar/default.jpeg,18,173,64,F,2,FL,244,0,
239,,,avatar/default.jpeg,19,157,48,F,1,FL,245,0,
240,,,avatar/default.jpeg,21,173,59,F,2,FL,246,1,
241,,,avatar/default.jpeg,21,180,80,M,3,FL,247,0,
242,,,avatar/default.jpeg,18,180,60,F,2,FL,248,1,
243,,,avatar/default.jpeg,21,175,63,F,2,FL,249,1,
244,,,avatar/default.jpeg,17,178,70,F,2,FL,250,1,
245,,,avatar/default.jpeg,20,160,46,F,2,MN,251,1,
246,,,avatar/default.jpeg,19,172,60,F,1,MS,252,0,
247,,,avatar/default.jpeg,27,180,80,M,4,MO,253,1,
248,,,avatar/default.jpeg,22,165,68,F,3,MT,254,1,
249,,,avatar/default.jpeg,19,160,55,F,2,NE,255,0,
250,,,avatar/default.jpeg,19,165,55,F,2,NV,256,0,
251,,,avatar/default.jpeg,20,176,63,F,2,NH,257,1,
252,,,avatar/default.jpeg,19,164,60,F,2,NJ,258,0,
253,,,avatar/default.jpeg,20,155,44,F,2,NM,259,1,
254,,,avatar/default.jpeg,17,167,57,F,1,NY,260,1,
255,,,avatar/default.jpeg,23,171,59,F,2,NC,261,0,
256,,,avatar/default.jpeg,20,158,50,F,2,ND,262,0,
257,,,avatar/default.jpeg,20,170,60,F,2,OH,263,0,
258,,,avatar/default.jpeg,19,182,65,M,2,OK,264,0,
259,,,avatar/default.jpeg,20,182,63,F,2,OR,265,1,
260,,,avatar/default.jpeg,19,175,72,M,2,PA,266,0,
261,,,avatar/default.jpeg,19,197,96,M,2,RI,267,1,
262,,,avatar/default.jpeg,18,170,50,F,2,SC,268,0,
263,,,avatar/default.jpeg,19,165,55,F,2,SD,269,0,
264,,,avatar/default.jpeg,15,176,53,F,2,TN,270,0,
265,,,avatar/default.jpeg,19,167,54,F,3,TX,271,0,
266,,,avatar/default.jpeg,15,170,49,F,2,UT,272,0,
267,,,avatar/default.jpeg,19,168,72,F,2,VT,273,0,
268,,,avatar/default.jpeg,21,163,49,F,4,VA,274,0,
269,,,avatar/default.jpeg,19,152,47,F,3,WA,275,0,
270,,,avatar/default.jpeg,17,158,57,F,2,WA,276,0,
271,,,avatar/default.jpeg,23,165,70,F,3,WA,277,0,
272,,,avatar/default.jpeg,24,177,80,M,2,WA,278,1,
273,,,avatar/default.jpeg,19,170,55,F,2,WA,279,0,
274,,,avatar/default.jpeg,19,178,67,F,3,WA,280,0,
275,,,avatar/default.jpeg,22,170,60,F,2,WA,281,1,
276,,,avatar/default.jpeg,20,170,70,F,3,WA,282,0,
277,,,avatar/default.jpeg,21,,66,F,3,WA,283,0,
278,,,avatar/default.jpeg,19,188,76,M,2,WA,284,1,
279,,,avatar/default.jpeg,19,180,85,M,2,WA,285,0,
280,,,avatar/default.jpeg,20,161,53,F,3,WA,286,0,
281,,,avatar/default.jpeg,18,178,69,F,2,WA,287,0,
282,,,avatar/default.jpeg,19,178,74,M,2,WA,288,0,
283,,,avatar/default.jpeg,20,165,50,F,2,WA,289,0,
284,,,avatar/default.jpeg,22,187,91,M,2,WA,290,0,
285,,,avatar/default.jpeg,20,178,68,M,2,WA,291,0,
286,,,avatar/default.jpeg,20,168,55,F,2,WA,292,0,
287,,,avatar/default.jpeg,27,168,55,F,4,WA,293,0,
288,,,avatar/default.jpeg,19,180,57,F,2,WA,294,1,
289,,,avatar/default.jpeg,22,192,80,M,2,WA,295,0,
290,,,avatar/default.jpeg,19,188,98,M,3,WA,296,1,
291,,,avatar/default.jpeg,20,173,58,F,2,DE,297,0,
292,,,avatar/default.jpeg,20,193,85,M,2,FL,298,0,
293,,,avatar/default.jpeg,21,184,120,F,2,GA,299,0,
294,,,avatar/default.jpeg,16,167,62,F,1,HI,300,1,
295,,,avatar/default.jpeg,19,177,63,F,2,ID,301,0,
296,,,avatar/default.jpeg,18,167,57,F,2,IL,302,0,
297,,,avatar/default.jpeg,23,190,90,M,3,AL,303,0,
298,,,avatar/default.jpeg,19,187,83,M,2,AK,304,1,
299,,,avatar/default.jpeg,19,163,51,F,2,AZ,305,0,
300,,,avatar/default.jpeg,22,173,52,F,3,AR,306,0,
301,,,avatar/default.jpeg,18,165,65,F,2,CA,307,0,
302,,,avatar/default.jpeg,20,190,92,M,3,CO,308,0,
303,,,avatar/default.jpeg,19,178,58,F,2,CT,309,0,
304,,,avatar/default.jpeg,25,167,76,F,4,DE,310,0,
305,,,avatar/default.jpeg,18,160,53,F,2,FL,311,1,
306,,,avatar/default.jpeg,20,169,64,F,3,GA,312,1,
307,,,avatar/default.jpeg,15,174,63,F,1,HI,313,0,
308,,,avatar/default.jpeg,19,176,68,F,2,ID,314,0,
309,,,avatar/default.jpeg,19,178,68,F,2,IL,315,1,
310,,,avatar/default.jpeg,16,158,50,F,2,IN,316,1,
311,,,avatar/default.jpeg,19,180,78,M,3,IA,317,0,
312,,,avatar/default.jpeg,18,167,57,F,3,KS,318,1,
313,,,avatar/default.jpeg,15,170,75,M,1,KY,319,0,
314,,,avatar/default.jpeg,20,170,55,F,2,LA,320,0,
315,,,avatar/default.jpeg,20,180,75,M,2,ME,321,0,
316,,,avatar/default.jpeg,20,184,68,M,2,MD,322,0,
317,,,avatar/default.jpeg,20,170,60,F,2,MA,323,1,
318,,,avatar/default.jpeg,19,180,65,M,2,MA,324,0,
319,,,avatar/default.jpeg,16,169,48,F,0,MA,325,1,
320,,,avatar/default.jpeg,18,166,65,F,2,MA,326,0,
321,,,avatar/default.jpeg,20,178,88,M,2,MA,327,0,
322,,,avatar/default.jpeg,16,162,55,F,3,MA,328,1,
323,,,avatar/default.jpeg,18,160,50,F,1,MA,329,0,
324,,,avatar/default.jpeg,20,178,68,M,2,MA,330,0,
325,,,avatar/default.jpeg,18,168,65,F,1,MA,331,0,
326,,,avatar/default.jpeg,19,185,62,M,2,MA,332,0,
327,,,avatar/default.jpeg,19,175,58,F,3,MA,333,1,
328,,,avatar/default.jpeg,20,167,55,F,2,MA,334,0,
329,,,avatar/default.jpeg,18,193,84,M,3,MA,335,1,
330,,,avatar/default.jpeg,17,160,60,F,1,MA,336,0,
331,,,avatar/default.jpeg,22,171,52,F,2,MA,337,1,
332,,,avatar/default.jpeg,17,182,92,M,2,MA,338,1,
333,,,avatar/default.jpeg,22,165,60,F,2,MA,339,0,
334,,,avatar/default.jpeg,16,174,65,F,2,MA,340,1,
335,,,avatar/default.jpeg,24,169,50,F,4,MA,341,0,
336,,,avatar/default.jpeg,17,185,73,M,1,MA,342,0,
337,,,avatar/default.jpeg,17,170,60,M,2,MA,343,0,
338,,,avatar/default.jpeg,17,182,76,M,2,MA,344,0,
339,,,avatar/default.jpeg,15,165,48,F,2,MA,345,0,
340,,,avatar/default.jpeg,18,160,50,F,1,MA,346,0,
341,,,avatar/default.jpeg,18,158,53,F,1,MA,347,0,
342,,,avatar/default.jpeg,16,186,63,M,1,MA,348,0,
343,,,avatar/default.jpeg,20,173,68,F,2,MA,349,1,
344,,,avatar/default.jpeg,29,168,56,F,4,MA,350,0,
345,,,avatar/default.jpeg,24,172,68,F,3,MA,351,0,
346,,,avatar/default.jpeg,18,164,60,F,2,MA,352,1,
347,,,avatar/default.jpeg,17,185,70,M,1,MA,353,1,
348,,,avatar/default.jpeg,18,175,65,M,1,MA,354,0,
349,,,avatar/default.jpeg,16,182,75,M,2,MA,355,0,
350,,,avatar/default.jpeg,17,170,65,F,1,MA,356,0,
351,,,avatar/default.jpeg,20,187,68,M,3,MA,357,0,
352,,,avatar/default.jpeg,16,169,63,F,1,MA,358,0,
353,,,avatar/default.jpeg,19,189,76,M,2,MA,359,0,
354,,,avatar/default.jpeg,18,166,60,F,2,MA,360,0,
355,,,avatar/default.jpeg,20,161,59,F,2,MA,361,0,
356,,,avatar/default.jpeg,19,180,80,M,2,MA,362,0,
357,,,avatar/default.jpeg,18,185,74,M,2,MA,363,0,
358,,,avatar/default.jpeg,21,179,96,M,2,MA,364,1,
359,,,avatar/default.jpeg,19,170,68,M,3,AK,365,0,
360,,,avatar/default.jpeg,20,184,72,F,2,AZ,366,0,
361,,,avatar/default.jpeg,23,180,62,F,3,AR,367,0,
362,,,avatar/default.jpeg,19,166,58,F,3,CA,368,0,
363,,,avatar/default.jpeg,19,167,50,F,3,CO,369,0,
364,,,avatar/default.jpeg,19,167,50,F,3,CT,370,0,
365,,,avatar/default.jpeg,20,178,75,M,3,DE,371,0,
366,,,avatar/default.jpeg,24,175,70,M,3,FL,372,0,
367,,,avatar/default.jpeg,19,190,85,M,3,GA,373,0,
368,,,avatar/default.jpeg,20,178,67,M,2,HI,374,0,
369,,,avatar/default.jpeg,18,179,55,F,1,ID,375,0,
370,,,avatar/default.jpeg,17,180,78,M,1,IL,376,0,
371,,,avatar/default.jpeg,19,168,58,F,2,AL,377,0,
372,,,avatar/default.jpeg,19,164,53,F,2,AK,378,0,
373,,,avatar/default.jpeg,20,187,56,M,2,AZ,379,0,
374,,,avatar/default.jpeg,20,174,72,M,3,AR,380,1,
375,,,avatar/default.jpeg,21,176,62,F,2,CA,381,0,
376,,,avatar/default.jpeg,20,170,60,F,2,CO,382,0,
377,,,avatar/default.jpeg,20,170,56,F,2,CT,383,0,
378,,,avatar/default.jpeg,17,158,70,F,2,DE,384,1,
379,,,avatar/default.jpeg,20,175,53,F,2,FL,385,0,
380,,,avatar/default.jpeg,25,174,67,M,4,GA,386,0,
381,,,avatar/default.jpeg,20,170,58,F,2,HI,387,0,
382,,,avatar/default.jpeg,21,173,58,F,2,ID,388,0,
383,,,avatar/default.jpeg,21,158,49,F,2,IL,389,1,
384,,,avatar/default.jpeg,22,185,90,M,3,IN,390,0,
385,,,avatar/default.jpeg,19,170,58,F,2,IA,391,0,
386,,,avatar/default.jpeg,25,178,77,M,3,KS,392,0,
387,,,avatar/default.jpeg,19,166,55,F,2,KY,393,1,
388,,,avatar/default.jpeg,25,167,64,F,4,LA,394,0,
389,,,avatar/default.jpeg,25,169,60,F,4,ME,395,0,
390,,,avatar/default.jpeg,21,168,60,F,2,MD,396,1,
391,,,avatar/default.jpeg,20,178,65,M,2,MA,397,0,
392,,,avatar/default.jpeg,24,165,49,F,4,MI,398,0,
393,,,avatar/default.jpeg,30,160,47,F,4,MN,399,0,
394,,,avatar/default.jpeg,21,176,75,M,2,MS,400,0,
395,,,avatar/default.jpeg,27,186,77,M,4,MO,401,0,
396,,,avatar/default.jpeg,21,172,68,M,3,MT,402,0,
397,,,avatar/default.jpeg,16,164,50,F,1,NE,403,1,
398,,,avatar/default.jpeg,21,175,75,F,3,NV,404,0,
399,,,avatar/default.jpeg,20,165,60,F,3,NH,405,0,
400,,,avatar/default.jpeg,22,160,65,F,2,NJ,406,0,
401,,,avatar/default.jpeg,19,180,80,M,2,NM,407,0,
402,,,avatar/default.jpeg,20,170,90,F,2,NY,408,0,
403,,,avatar/default.jpeg,25,180,95,M,4,NY,409,0,
404,,,avatar/default.jpeg,23,175,79,M,2,NY,410,0,
405,,,avatar/default.jpeg,20,167,57,F,3,NY,411,0,
406,,,avatar/default.jpeg,20,165,66,F,2,NY,412,0,
407,,,avatar/default.jpeg,21,168,60,F,2,NY,413,0,
408,,,avatar/default.jpeg,19,166,44,F,2,NY,414,0,
409,,,avatar/default.jpeg,21,164,58,F,3,NY,415,0,
410,,,avatar/default.jpeg,16,165,50,F,0,NY,416,1,
411,,,avatar/default.jpeg,20,180,88,M,2,NY,417,0,
412,,,avatar/default.jpeg,18,173,60,F,2,NY,418,1,
413,,,avatar/default.jpeg,21,168,54,F,2,NY,419,0,
414,,,avatar/default.jpeg,21,177,68,M,2,NY,420,0,
415,,,avatar/default.jpeg,18,167,56,M,3,NY,421,0,
416,,,avatar/default.jpeg,19,173,69,F,2,NY,422,0,
417,,,avatar/default.jpeg,20,170,54,F,2,NY,423,0,
418,,,avatar/default.jpeg,18,180,60,M,2,NY,424,0,
419,,,avatar/default.jpeg,18,172,60,F,1,NY,425,0,
420,,,avatar/default.jpeg,23,158,53,F,2,NY,426,1,
421,,,avatar/default.jpeg,20,165,52,F,2,NY,427,0,
422,,,avatar/default.jpeg,18,168,55,F,2,NY,428,0,
423,,,avatar/default.jpeg,28,180,76,F,3,AZ,429,0,
424,,,avatar/default.jpeg,24,163,67,F,4,AR,430,0,
425,,,avatar/default.jpeg,19,154,60,F,2,CA,431,1,
426,,,avatar/default.jpeg,21,161,57,F,2,CO,432,0,
427,,,avatar/default.jpeg,22,160,65,F,4,CT,433,0,
428,,,avatar/default.jpeg,19,180,77,M,2,DE,434,0,
429,,,avatar/default.jpeg,18,164,56,F,1,FL,435,0,
430,,,avatar/default.jpeg,21,162,62,F,2,GA,436,1,
431,,,avatar/default.jpeg,19,170,53,F,4,HI,437,0,
432,,,avatar/default.jpeg,19,185,78,M,2,AL,438,0,
433,,,avatar/default.jpeg,20,184,80,M,2,AL,439,0,
434,,,avatar/default.jpeg,19,170,56,F,2,AL,440,0,
435,,,avatar/default.jpeg,18,184,83,M,2,AL,441,0,
436,,,avatar/default.jpeg,18,173,60,F,2,AL,442,0,
437,,,avatar/default.jpeg,19,176,62,M,2,AL,443,0,
438,,,avatar/default.jpeg,18,163,55,F,2,AL,444,1,
439,,,avatar/default.jpeg,18,180,74,F,2,AL,445,0,
440,,,avatar/default.jpeg,19,175,70,M,2,AL,446,0,
441,,,avatar/default.jpeg,19,164,58,F,2,AL,447,0,
442,,,avatar/default.jpeg,19,155,48,F,3,AL,448,0,
443,,,avatar/default.jpeg,18,163,58,F,2,AL,449,0,
444,,,avatar/default.jpeg,18,162,54,F,2,AL,450,0,
445,,,avatar/default.jpeg,19,170,54,F,2,AL,451,0,
446,,,avatar/default.jpeg,20,157,43,F,2,AL,452,1,
447,,,avatar/default.jpeg,19,185,70,M,2,AL,453,0,
448,,,avatar/default.jpeg,26,163,55,F,4,AL,454,0,
449,,,avatar/default.jpeg,19,168,49,F,2,AL,455,0,
450,,,avatar/default.jpeg,19,169,67,F,2,AL,456,1,
451,,,avatar/default.jpeg,22,178,82,M,3,AL,457,0,
452,,,avatar/default.jpeg,20,165,65,M,3,DE,458,0,
453,,,avatar/default.jpeg,28,180,63,F,4,FL,459,0,
454,,,avatar/default.jpeg,19,169,66,F,2,GA,460,1,
455,,,avatar/default.jpeg,21,156,48,F,2,HI,461,1,
456,,,avatar/default.jpeg,19,175,58,F,2,ID,462,0,
457,,,avatar/default.jpeg,22,188,80,M,2,IL,463,0,
458,,,avatar/default.jpeg,19,181,62,M,2,IN,464,0,
459,,,avatar/default.jpeg,18,168,52,F,2,IA,465,0,
460,,,avatar/default.jpeg,19,166,62,F,2,KS,466,1,
461,,,avatar/default.jpeg,22,189,78,M,2,KY,467,0,
462,,,avatar/default.jpeg,29,189,96,M,4,LA,468,1,
463,,,avatar/default.jpeg,29,189,60,F,3,ME,469,0,
464,,,avatar/default.jpeg,18,164,60,F,2,MD,470,1,
465,,,avatar/default.jpeg,22,172,50,F,2,MA,471,0,
466,,,avatar/default.jpeg,17,157,46,F,2,MI,472,0,
467,,,avatar/default.jpeg,19,189,72,M,3,MI,473,1,
468,,,avatar/default.jpeg,20,161,46,F,2,MI,474,0,
469,,,avatar/default.jpeg,18,173,60,F,2,MI,475,1,
470,,,avatar/default.jpeg,22,195,83,M,2,MI,476,1,
471,,,avatar/default.jpeg,19,167,58,F,2,MI,477,0,
472,,,avatar/default.jpeg,20,178,74,M,2,MI,478,0,
473,,,avatar/default.jpeg,25,186,78,M,4,MI,479,0,
474,,,avatar/default.jpeg,29,170,64,M,4,MI,480,1,
475,,,avatar/default.jpeg,19,180,80,M,2,MI,481,0,
476,,,avatar/default.jpeg,18,172,60,F,2,MI,482,0,
477,,,avatar/default.jpeg,20,175,60,F,2,MI,483,0,
478,,,avatar/default.jpeg,18,169,53,F,2,MI,484,0,
479,,,avatar/default.jpeg,30,180,80,M,4,MI,485,0,
480,,,avatar/default.jpeg,20,175,57,F,2,MI,486,0,
481,,,avatar/default.jpeg,21,161,55,F,2,MI,487,0,
482,,,avatar/default.jpeg,22,190,65,M,3,MI,488,0,
483,,,avatar/default.jpeg,22,189,82,M,2,MI,489,0,
484,,,avatar/default.jpeg,20,173,73,F,3,MI,490,1,
485,,,avatar/default.jpeg,20,172,57,F,2,MI,491,0,
486,,,avatar/default.jpeg,19,165,64,F,2,MI,492,0,
487,,,avatar/default.jpeg,28,171,57,F,4,MI,493,0,
488,,,avatar/default.jpeg,19,186,66,F,2,MI,494,0,
489,,,avatar/default.jpeg,22,177,75,M,2,MI,495,0,
490,,,avatar/default.jpeg,20,160,49,F,3,MI,496,1,
491,,,avatar/default.jpeg,16,168,50,F,1,MI,497,0,
492,,,avatar/default.jpeg,19,165,56,F,2,MI,498,0,
493,,,avatar/default.jpeg,20,163,68,F,2,WI,499,0,
494,,,avatar/default.jpeg,21,185,78,M,3,WY,500,0,
495,,,avatar/default.jpeg,19,165,55,F,2,AL,501,0,
496,,,avatar/default.jpeg,20,,66,F,2,AK,502,0,
497,,,avatar/default.jpeg,25,170,52,F,3,AZ,503,0,
498,,,avatar/default.jpeg,20,165,60,F,2,AR,504,0,
499,,,avatar/default.jpeg,19,170,50,F,2,CA,505,0,
500,,,avatar/default.jpeg,22,,76,M,2,CO,506,0,
501,,,avatar/default.jpeg,19,172,58,F,2,CO,507,0,
502,,,avatar/default.jpeg,21,179,60,F,2,CO,508,0,
503,,,avatar/default.jpeg,22,193,86,M,4,CO,509,0,
504,,,avatar/default.jpeg,28,176,60,F,4,CO,510,0,
505,,,avatar/default.jpeg,21,168,50,F,3,CO,511,0,
506,,,avatar/default.jpeg,20,177,75,M,2,CO,512,0,
507,,,avatar/default.jpeg,19,189,83,M,2,CO,513,0,
508,,,avatar/default.jpeg,21,168,53,F,3,CO,514,0,
509,,,avatar/default.jpeg,20,179,65,M,2,CO,515,1,
510,,,avatar/default.jpeg,16,168,66,F,2,CO,516,1,
511,,,avatar/default.jpeg,22,176,70,M,3,CO,517,1,
512,,,avatar/default.jpeg,19,185,75,M,2,CO,518,0,
513,,,avatar/default.jpeg,22,168,58,F,3,CO,519,1,
514,,,avatar/default.jpeg,20,178,74,M,2,CO,520,1,
515,,,avatar/default.jpeg,22,178,66,M,3,CO,521,1,
516,,,avatar/default.jpeg,19,187,69,M,2,CO,522,0,
517,,,avatar/default.jpeg,22,173,80,M,2,CO,523,0,
518,,,avatar/default.jpeg,17,174,55,F,2,CO,524,0,
519,,,avatar/default.jpeg,18,171,62,F,2,CO,525,0,
520,,,avatar/default.jpeg,19,185,74,M,1,CO,526,0,
521,,,avatar/default.jpeg,23,174,62,F,4,CO,527,0,
522,,,avatar/default.jpeg,20,157,57,F,2,CO,528,1,
523,,,avatar/default.jpeg,18,165,57,F,2,CO,529,0,
524,,,avatar/default.jpeg,19,180,67,M,3,CO,530,0,
525,,,avatar/default.jpeg,19,171,60,F,2,CO,531,0,
526,,,avatar/default.jpeg,28,170,65,F,4,CO,532,0,
527,,,avatar/default.jpeg,21,183,72,M,3,CO,533,0,
528,,,avatar/default.jpeg,23,172,69,F,4,CO,534,1,
529,,,avatar/default.jpeg,20,185,85,M,2,HI,535,0,
530,,,avatar/default.jpeg,20,180,68,M,2,ID,536,0,
531,,,avatar/default.jpeg,28,172,50,F,2,IL,537,0,
532,,,avatar/default.jpeg,22,189,68,M,2,IN,538,0,
533,,,avatar/default.jpeg,19,170,65,F,2,IA,539,1,
534,,,avatar/default.jpeg,21,184,82,M,3,KS,540,0,
535,,,avatar/default.jpeg,21,170,58,F,2,KY,541,0,
536,,,avatar/default.jpeg,17,175,60,M,2,LA,542,0,
537,,,avatar/default.jpeg,19,168,57,F,3,ME,543,0,
538,,,avatar/default.jpeg,25,190,82,M,4,MD,544,0,
539,,,avatar/default.jpeg,20,170,52,F,2,MA,545,0,
540,,,avatar/default.jpeg,26,194,85,M,3,MI,546,0,
541,,,avatar/default.jpeg,21,182,78,M,2,MN,547,1,
542,,,avatar/default.jpeg,20,175,53,F,2,MS,548,0,
543,,,avatar/default.jpeg,29,182,92,F,4,MO,549,0,
544,,,avatar/default.jpeg,25,186,80,M,4,MT,550,0,
545,,,avatar/default.jpeg,21,175,75,M,4,NE,551,1,
546,,,avatar/default.jpeg,20,176,70,M,2,NV,552,0,
547,,,avatar/default.jpeg,27,178,77,M,4,NH,553,0,
548,,,avatar/default.jpeg,21,203,80,M,2,NJ,554,0,
549,,,avatar/default.jpeg,20,170,52,F,2,NM,555,0,
550,,,avatar/default.jpeg,20,166,51,F,3,NY,556,0,
551,,,avatar/default.jpeg,17,163,49,F,1,NC,557,1,
552,,,avatar/default.jpeg,16,163,49,F,2,ND,558,0,
553,,,avatar/default.jpeg,19,163,50,F,2,OH,559,0,
554,,,avatar/default.jpeg,18,170,53,F,2,OK,560,1,
555,,,avatar/default.jpeg,19,178,65,M,3,OR,561,1,
556,,,avatar/default.jpeg,21,167,63,F,3,PA,562,1,
557,,,avatar/default.jpeg,16,168,50,F,2,RI,563,1,
558,,,avatar/default.jpeg,20,170,55,F,3,SC,564,0,
559,,,avatar/default.jpeg,19,170,55,F,1,SD,565,0,
560,,,avatar/default.jpeg,20,173,55,F,2,TN,566,1,
561,,,avatar/default.jpeg,16,173,57,F,0,TX,567,1,
562,,,avatar/default.jpeg,20,185,86,M,2,UT,568,0,
563,,,avatar/default.jpeg,18,170,70,M,0,UT,569,1,
564,,,avatar/default.jpeg,20,190,85,M,2,UT,570,0,
565,,,avatar/default.jpeg,20,180,75,M,3,UT,571,0,
566,,,avatar/default.jpeg,16,165,49,F,1,UT,572,0,
567,,,avatar/default.jpeg,19,175,76,F,2,UT,573,0,
568,,,avatar/default.jpeg,19,189,97,M,2,UT,574,0,
569,,,avatar/default.jpeg,23,172,64,F,3,UT,575,0,
570,,,avatar/default.jpeg,20,165,48,F,3,UT,576,0,
571,,,avatar/default.jpeg,23,189,88,M,2,UT,577,0,
572,,,avatar/default.jpeg,19,170,75,M,0,UT,578,1,
573,,,avatar/default.jpeg,22,171,56,F,3,UT,579,0,
574,,,avatar/default.jpeg,17,183,75,M,1,UT,580,0,
575,,,avatar/default.jpeg,20,178,58,F,2,UT,581,0,
576,,,avatar/default.jpeg,21,169,65,F,2,UT,582,0,
577,,,avatar/default.jpeg,21,178,78,M,2,UT,583,0,
578,,,avatar/default.jpeg,19,160,43,F,2,UT,584,0,
579,,,avatar/default.jpeg,20,175,75,F,2,UT,585,1,
580,,,avatar/default.jpeg,19,195,95,M,3,UT,586,1,
581,,,avatar/default.jpeg,21,171,65,M,2,AK,587,1,
582,,,avatar/default.jpeg,22,164,55,F,2,AZ,588,0,
583,,,avatar/default.jpeg,22,172,70,M,3,AR,589,0,
584,,,avatar/default.jpeg,22,190,80,M,3,CA,590,0,
585,,,avatar/default.jpeg,28,178,65,F,4,CA,591,0,
586,,,avatar/default.jpeg,21,185,80,M,2,CA,592,0,
587,,,avatar/default.jpeg,21,189,85,M,3,CA,593,0,
588,,,avatar/default.jpeg,17,165,65,F,1,CA,594,0,
589,,,avatar/default.jpeg,21,170,52,F,2,CA,595,1,
590,,,avatar/default.jpeg,17,173,66,F,1,CA,596,0,
591,,,avatar/default.jpeg,28,182,88,M,4,CA,597,0,
592,,,avatar/default.jpeg,20,160,55,F,3,CA,598,0,
593,,,avatar/default.jpeg,19,170,65,F,2,CA,599,1,
594,,,avatar/default.jpeg,21,172,52,F,2,CA,600,0,
595,,,avatar/default.jpeg,23,189,87,M,3,CA,601,0,
596,,,avatar/default.jpeg,17,168,67,M,1,CA,602,1,
597,,,avatar/default.jpeg,20,179,60,M,1,CA,603,,
598,,,avatar/default.jpeg,19,178,68,M,2,CA,604,0,
599,,,avatar/default.jpeg,19,170,80,M,2,CA,605,0,
600,,,avatar/default.jpeg,19,184,84,M,2,CA,606,0,
601,,,avatar/default.jpeg,18,171,54,F,2,CA,607,1,
602,,,avatar/default.jpeg,19,164,55,F,2,CA,608,0,
603,,,avatar/default.jpeg,22,182,71,M,2,CA,609,0,
604,,,avatar/default.jpeg,21,168,60,F,2,CA,610,0,
605,,,avatar/default.jpeg,21,170,53,F,2,CA,611,0,
606,,,avatar/default.jpeg,21,185,65,M,3,CA,612,0,
607,,,avatar/default.jpeg,22,185,82,M,2,CA,613,0,
608,,,avatar/default.jpeg,19,168,55,F,2,CA,614,0,
609,,,avatar/default.jpeg,25,195,95,M,2,KY,615,0,
610,,,avatar/default.jpeg,18,188,73,M,0,LA,616,0,
611,,,avatar/default.jpeg,20,183,83,M,2,ME,617,0,
612,,,avatar/default.jpeg,18,168,57,F,2,MD,618,1,
613,,,avatar/default.jpeg,23,172,110,M,2,MA,619,0,
614,,,avatar/default.jpeg,18,162,58,F,2,MI,620,0,
615,,,avatar/default.jpeg,22,164,64,F,2,MN,621,0,
616,,,avatar/default.jpeg,20,175,70,M,2,MS,622,1,
617,,,avatar/default.jpeg,19,178,71,M,2,MO,623,1,
618,,,avatar/default.jpeg,19,160,55,F,2,MT,624,0,
619,,,avatar/default.jpeg,23,173,65,F,3,NE,625,1,
620,,,avatar/default.jpeg,27,175,83,M,2,NV,626,0,
621,,,avatar/default.jpeg,20,183,75,M,2,NH,627,0,
622,,,avatar/default.jpeg,20,183,65,M,2,NJ,628,0,
623,,,avatar/default.jpeg,18,161,74,F,1,NM,629,0,
624,,,avatar/default.jpeg,21,175,70,M,2,NY,630,0,
625,,,avatar/default.jpeg,21,173,62,F,2,NC,631,0,
626,,,avatar/default.jpeg,19,163,50,F,2,ND,632,1,
627,,,avatar/default.jpeg,22,162,60,F,2,OH,633,0,
628,,,avatar/default.jpeg,20,170,60,F,3,OK,634,0,
629,,,avatar/default.jpeg,19,172,68,M,2,OR,635,1,
630,,,avatar/default.jpeg,20,163,48,F,3,PA,636,1,
631,,,avatar/default.jpeg,19,173,60,F,2,RI,637,0,
632,,,avatar/default.jpeg,18,154,67,F,2,SC,638,0,
633,,,avatar/default.jpeg,17,178,80,M,1,SD,639,0,
634,,,avatar/default.jpeg,21,180,67,M,2,TN,640,0,
635,,,avatar/default.jpeg,19,170,63,F,2,TX,641,0,
636,,,avatar/default.jpeg,25,173,63,F,4,UT,642,0,
637,,,avatar/default.jpeg,24,171,93,M,5,VT,643,0,
638,,,avatar/default.jpeg,29,172,66,M,4,VA,644,0,
639,,,avatar/default.jpeg,21,156,48,F,2,WA,645,0,
640,,,avatar/default.jpeg,18,178,70,M,1,WV,646,0,
641,,,avatar/default.jpeg,21,173,53,F,3,WI,647,0,
642,,,avatar/default.jpeg,17,175,76,M,2,WY,648,0,
643,,,avatar/default.jpeg,22,180,89,M,2,AL,649,1,
644,,,avatar/default.jpeg,18,169,53,F,2,AK,650,0,
645,,,avatar/default.jpeg,18,165,55,F,1,AZ,651,0,
646,,,avatar/default.jpeg,23,179,77,M,2,AR,652,1,
647,,,avatar/default.jpeg,22,189,66,M,2,CA,653,0,
648,,,avatar/default.jpeg,21,167,67,F,2,CO,654,1,
649,,,avatar/default.jpeg,23,158,64,F,4,CT,655,0,
650,,,avatar/default.jpeg,17,174,56,F,0,DE,656,0,
651,,,avatar/default.jpeg,20,188,79,M,2,FL,657,0,
652,,,avatar/default.jpeg,22,171,81,M,2,GA,658,0,
653,,,avatar/default.jpeg,21,193,75,M,2,HI,659,1,
654,,,avatar/default.jpeg,22,165,52,F,3,AL,660,1,
655,,,avatar/default.jpeg,24,178,80,M,2,AK,661,0,
656,,,avatar/default.jpeg,19,174,70,F,2,AZ,662,0,
657,,,avatar/default.jpeg,18,159,52,F,2,AR,663,0,
658,,,avatar/default.jpeg,24,,61,F,3,CA,664,1,
659,,,avatar/default.jpeg,22,176,74,M,2,CO,665,0,
660,,,avatar/default.jpeg,20,,65,M,2,CT,666,0,
661,,,avatar/default.jpeg,20,166,55,F,3,DE,667,0,
662,,,avatar/default.jpeg,19,165,70,F,2,FL,668,1,
663,,,avatar/default.jpeg,21,162,52,F,2,GA,669,0,
664,,,avatar/default.jpeg,25,191,77,M,4,HI,670,0,
665,,,avatar/default.jpeg,28,168,55,F,4,ID,671,0,
666,,,avatar/default.jpeg,20,173,50,F,2,IL,672,0,
667,,,avatar/default.jpeg,20,164,60,F,2,AL,673,0,
668,,,avatar/default.jpeg,23,172,77,M,2,AK,674,0,
669,,,avatar/default.jpeg,27,186,82,M,5,AZ,675,1,
670,,,avatar/default.jpeg,21,180,77,M,3,AR,676,1,
671,,,avatar/default.jpeg,23,170,60,F,2,CA,677,0,
672,,,avatar/default.jpeg,22,165,57,F,3,CO,678,0,
673,,,avatar/default.jpeg,28,166,60,F,4,CT,679,0,
674,,,avatar/default.jpeg,22,170,52,F,2,DE,680,0,
675,,,avatar/default.jpeg,18,173,67,M,3,FL,681,0,
676,,,avatar/default.jpeg,25,165,75,F,2,GA,682,0,
677,,,avatar/default.jpeg,20,62,55,F,3,HI,683,0,
678,,,avatar/default.jpeg,28,164,77,F,2,ID,684,0,
679,,,avatar/default.jpeg,23,162,65,F,3,IL,685,0,
680,,,avatar/default.jpeg,21,185,70,F,2,IN,686,1,
681,,,avatar/default.jpeg,25,160,55,F,3,IA,687,0,
682,,,avatar/default.jpeg,28,180,70,F,4,KS,688,0,
683,,,avatar/default.jpeg,19,172,75,M,2,KY,689,0,
684,,,avatar/default.jpeg,30,179,80,F,2,LA,690,1,
685,,,avatar/default.jpeg,28,165,57,F,2,ME,691,0,
686,,,avatar/default.jpeg,19,163,53,F,2,MD,692,1,
687,,,avatar/default.jpeg,21,175,80,M,3,MA,693,1,
688,,,avatar/default.jpeg,19,170,60,M,3,MI,694,0,
689,,,avatar/default.jpeg,18,165,48,F,2,MN,695,0,
690,,,avatar/default.jpeg,18,174,64,M,2,MS,696,0,
691,,,avatar/default.jpeg,18,182,63,M,2,MO,697,0,
692,,,avatar/default.jpeg,17,168,70,F,3,MT,698,1,
693,,,avatar/default.jpeg,21,168,62,M,3,NE,699,1,
694,,,avatar/default.jpeg,18,171,69,F,2,NV,700,1,
695,,,avatar/default.jpeg,21,187,73,M,3,NH,701,0,
696,,,avatar/default.jpeg,23,167,70,F,3,NJ,702,1,
697,,,avatar/default.jpeg,18,168,62,F,1,NM,703,1,
698,,,avatar/default.jpeg,20,168,76,F,2,NY,704,0,
699,,,avatar/default.jpeg,19,163,70,F,2,NC,705,1,
700,,,avatar/default.jpeg,20,170,50,F,2,ND,706,0,
701,,,avatar/default.jpeg,26,168,65,F,3,OH,707,0,
702,,,avatar/default.jpeg,21,175,70,F,3,OK,708,0,
703,,,avatar/default.jpeg,19,185,83,M,2,OR,709,0,
704,,,avatar/default.jpeg,23,178,66,M,2,PA,710,0,
705,,,avatar/default.jpeg,21,171,60,F,2,RI,711,0,
706,,,avatar/default.jpeg,22,172,60,F,3,SC,712,0,
707,,,avatar/default.jpeg,18,188,77,M,2,SD,713,1,
708,,,avatar/default.jpeg,21,162,51,F,2,TN,714,0,
709,,,avatar/default.jpeg,23,174,60,M,2,TX,715,0,
710,,,avatar/default.jpeg,17,167,70,F,3,UT,716,1,
711,,,avatar/default.jpeg,20,163,52,F,2,VT,717,0,
712,,,avatar/default.jpeg,22,170,55,F,2,VA,718,0,
713,,,avatar/default.jpeg,20,173,66,F,2,WA,719,0,
714,,,avatar/default.jpeg,19,168,60,F,3,WV,720,0,
715,,,avatar/default.jpeg,25,164,63,F,4,WI,721,1,
716,,,avatar/default.jpeg,29,183,111,M,2,WY,722,0,
717,,,avatar/default.jpeg,29,173,81,M,2,AL,723,0,
718,,,avatar/default.jpeg,17,173,54,F,1,AK,724,0,
719,,,avatar/default.jpeg,17,171,57,F,2,AZ,725,0,
720,,,avatar/default.jpeg,19,185,75,M,2,AR,726,0,
721,,,avatar/default.jpeg,18,170,75,F,2,CA,727,0,
722,,,avatar/default.jpeg,20,174,60,F,3,CO,728,0,
723,,,avatar/default.jpeg,21,161,48,F,3,CT,729,1,
724,,,avatar/default.jpeg,18,175,58,F,2,DE,730,0,
725,,,avatar/default.jpeg,19,180,70,F,1,FL,731,0,
726,,,avatar/default.jpeg,19,176,66,M,2,GA,732,1,
727,,,avatar/default.jpeg,20,175,65,M,2,HI,733,0,
728,,,avatar/default.jpeg,19,175,80,M,2,AL,734,1,
729,,,avatar/default.jpeg,18,180,75,F,1,AK,735,0,
730,,,avatar/default.jpeg,18,192,90,M,2,AZ,736,0,
731,,,avatar/default.jpeg,16,160,49,F,1,AR,737,0,
732,,,avatar/default.jpeg,18,163,57,F,3,CA,738,0,
733,,,avatar/default.jpeg,19,170,63,F,2,CO,739,1,
734,,,avatar/default.jpeg,24,166,55,F,3,CT,740,0,
735,,,avatar/default.jpeg,19,168,56,F,2,DE,741,0,
736,,,avatar/default.jpeg,19,165,67,F,4,FL,742,0,
737,,,avatar/default.jpeg,20,166,60,F,3,GA,743,0,
738,,,avatar/default.jpeg,21,180,61,F,3,HI,744,1,
739,,,avatar/default.jpeg,23,187,85,M,3,ID,745,0,
740,,,avatar/default.jpeg,23,165,60,M,3,IL,746,1,
741,,,avatar/default.jpeg,17,182,84,M,2,AL,747,0,
742,,,avatar/default.jpeg,18,173,65,F,2,AK,748,0,
743,,,avatar/default.jpeg,26,183,90,M,4,AZ,749,0,
744,,,avatar/default.jpeg,22,186,65,M,3,AR,750,1,
745,,,avatar/default.jpeg,22,170,60,M,2,CA,751,0,
746,,,avatar/default.jpeg,25,165,75,M,3,CO,752,0,
747,,,avatar/default.jpeg,21,177,73,F,2,CT,753,0,
748,,,avatar/default.jpeg,18,170,75,F,2,DE,754,0,
749,,,avatar/default.jpeg,15,160,51,F,0,FL,755,0,
750,,,avatar/default.jpeg,17,175,64,M,2,GA,756,1,
751,,,avatar/default.jpeg,22,175,86,F,3,HI,757,0,
752,,,avatar/default.jpeg,21,168,49,F,2,ID,758,0,
753,,,avatar/default.jpeg,21,162,51,F,3,IL,759,0,
754,,,avatar/default.jpeg,19,171,49,F,2,IN,760,0,
755,,,avatar/default.jpeg,26,186,98,M,3,IA,761,1,
756,,,avatar/default.jpeg,26,172,80,F,4,KS,762,0,
757,,,avatar/default.jpeg,25,183,84,M,2,KY,763,0,
758,,,avatar/default.jpeg,19,159,52,F,3,LA,764,0,
759,,,avatar/default.jpeg,20,197,100,M,3,ME,765,0,
760,,,avatar/default.jpeg,18,192,91,M,2,MD,766,1,
761,,,avatar/default.jpeg,25,167,49,F,3,MA,767,1,
762,,,avatar/default.jpeg,23,192,86,M,2,MI,768,0,
763,,,avatar/default.jpeg,24,190,84,M,3,MN,769,1,
764,,,avatar/default.jpeg,20,186,78,M,3,MS,770,0,
765,,,avatar/default.jpeg,19,172,50,F,3,MO,771,0,
766,,,avatar/default.jpeg,18,186,76,M,2,MT,772,0,
767,,,avatar/default.jpeg,25,167,60,F,2,NE,773,0,
768,,,avatar/default.jpeg,22,179,78,M,4,NV,774,0,
769,,,avatar/default.jpeg,26,185,92,M,4,NH,775,0,
770,,,avatar/default.jpeg,19,167,63,F,2,NJ,776,1,
771,,,avatar/default.jpeg,16,170,54,F,3,NM,777,0,
772,,,avatar/default.jpeg,18,174,64,M,2,NY,778,1,
773,,,avatar/default.jpeg,20,170,53,F,2,NC,779,0,
774,,,avatar/default.jpeg,17,168,70,F,3,ND,780,1,
775,,,avatar/default.jpeg,20,171,62,F,2,OH,781,1,
776,,,avatar/default.jpeg,19,165,51,F,3,OK,782,0,
777,,,avatar/default.jpeg,25,168,62,M,4,OR,783,0,
778,,,avatar/default.jpeg,19,185,65,M,2,PA,784,0,
779,,,avatar/default.jpeg,18,165,55,F,2,RI,785,1,
780,,,avatar/default.jpeg,17,167,48,F,2,SC,786,1,
781,,,avatar/default.jpeg,18,174,64,M,2,SD,787,0,
782,,,avatar/default.jpeg,20,171,63,F,2,TN,788,0,
783,,,avatar/default.jpeg,17,170,55,F,2,TX,789,0,
784,,,avatar/default.jpeg,21,182,70,M,2,UT,790,0,
785,,,avatar/default.jpeg,19,190,80,M,2,VT,791,0,
786,,,avatar/default.jpeg,19,187,80,M,3,VA,792,1,
787,,,avatar/default.jpeg,19,193,83,M,2,WA,793,1,
788,,,avatar/default.jpeg,16,177,70,M,1,WV,794,0,
789,,,avatar/default.jpeg,18,158,50,F,1,WI,795,0,
790,,,avatar/default.jpeg,19,178,80,M,3,WY,796,0,
791,,,avatar/default.jpeg,20,,66,F,2,AL,797,1,
792,,,avatar/default.jpeg,19,162,52,F,2,AK,798,0,
793,,,avatar/default.jpeg,21,192,93,M,4,AZ,799,0,
794,,,avatar/default.jpeg,24,185,120,M,5,AR,800,0,
795,,,avatar/default.jpeg,23,190,95,M,2,CA,801,0,
796,,,avatar/default.jpeg,30,173,69,F,2,CO,802,1,
797,,,avatar/default.jpeg,27,189,113,M,5,CT,803,0,
798,,,avatar/default.jpeg,19,185,65,M,2,DE,804,0,
799,,,avatar/default.jpeg,18,160,55,F,2,FL,805,0,
800,,,avatar/default.jpeg,18,203,89,M,2,GA,806,1,
801,,,avatar/default.jpeg,17,185,70,M,2,HI,807,0,
802,,,avatar/default.jpeg,30,173,72,F,2,AL,808,0,
803,,,avatar/default.jpeg,19,172,60,F,2,AK,809,1,
804,,,avatar/default.jpeg,27,173,79,F,2,AZ,810,0,
805,,,avatar/default.jpeg,21,173,62,F,2,AR,811,0,
806,,,avatar/default.jpeg,17,165,53,F,1,CA,812,0,
807,,,avatar/default.jpeg,20,184,79,M,2,CO,813,0,
808,,,avatar/default.jpeg,20,187,95,M,2,CT,814,1,
809,,,avatar/default.jpeg,20,181,73,M,3,DE,815,0,
810,,,avatar/default.jpeg,18,176,76,M,2,FL,816,1,
811,,,avatar/default.jpeg,20,180,90,M,3,GA,817,0,
812,,,avatar/default.jpeg,20,178,66,M,2,HI,818,0,
813,,,avatar/default.jpeg,17,175,60,F,2,ID,819,0,
814,,,avatar/default.jpeg,19,181,78,M,2,IL,820,0,
815,,,avatar/default.jpeg,20,165,53,F,2,AL,821,1,
816,,,avatar/default.jpeg,20,183,82,M,2,AK,822,0,
817,,,avatar/default.jpeg,21,180,63,M,2,AZ,823,1,
818,,,avatar/default.jpeg,23,170,70,M,1,AR,824,1,
819,,,avatar/default.jpeg,24,178,80,M,2,CA,825,0,
820,,,avatar/default.jpeg,17,160,48,F,2,CO,826,1,
821,,,avatar/default.jpeg,18,162,55,F,2,CT,827,0,
822,,,avatar/default.jpeg,17,185,99,M,2,DE,828,0,
823,,,avatar/default.jpeg,19,175,60,F,2,FL,829,0,
824,,,avatar/default.jpeg,21,188,81,M,2,GA,830,1,
825,,,avatar/default.jpeg,29,170,58,F,3,HI,831,0,
826,,,avatar/default.jpeg,21,170,55,F,3,ID,832,0,
827,,,avatar/default.jpeg,20,158,55,F,2,IL,833,0,
828,,,avatar/default.jpeg,20,168,55,F,2,IN,834,0,
829,,,avatar/default.jpeg,19,184,80,M,3,IA,835,0,
830,,,avatar/default.jpeg,20,162,50,F,3,KS,836,1,
831,,,avatar/default.jpeg,21,168,70,F,2,KY,837,0,
832,,,avatar/default.jpeg,17,170,50,F,3,LA,838,0,
833,,,avatar/default.jpeg,20,165,57,F,2,ME,839,1,
834,,,avatar/default.jpeg,19,193,77,M,2,MD,840,1,
835,,,avatar/default.jpeg,21,179,76,M,2,MA,841,0,
836,,,avatar/default.jpeg,19,190,76,M,2,MI,842,1,
837,,,avatar/default.jpeg,19,187,88,M,2,MN,843,1,
838,,,avatar/default.jpeg,20,183,65,M,2,MS,844,0,
839,,,avatar/default.jpeg,21,170,58,F,3,MO,845,1,
840,,,avatar/default.jpeg,23,163,68,F,4,MT,846,0,
841,,,avatar/default.jpeg,24,169,53,F,3,NE,847,0,
842,,,avatar/default.jpeg,19,185,65,M,2,NV,848,0,
843,,,avatar/default.jpeg,24,164,66,F,3,NH,849,1,
844,,,avatar/default.jpeg,20,177,70,F,2,NJ,850,0,
845,,,avatar/default.jpeg,30,184,78,M,4,NM,851,0,
846,,,avatar/default.jpeg,20,165,56,F,2,NY,852,1,
847,,,avatar/default.jpeg,23,171,54,F,2,NC,853,0,
848,,,avatar/default.jpeg,19,170,51,F,2,ND,854,0,
849,,,avatar/default.jpeg,19,184,60,M,3,OH,855,0,
850,,,avatar/default.jpeg,22,174,61,F,3,OK,856,0,
851,,,avatar/default.jpeg,17,175,68,F,2,OR,857,1,
852,,,avatar/default.jpeg,20,183,67,M,3,PA,858,0,
853,,,avatar/default.jpeg,19,175,75,M,2,RI,859,0,
854,,,avatar/default.jpeg,30,175,68,F,4,SC,860,0,
855,,,avatar/default.jpeg,27,180,75,M,3,SD,861,1,
856,,,avatar/default.jpeg,19,180,90,M,3,TN,862,0,
857,,,avatar/default.jpeg,17,156,51,F,2,TX,863,0,
858,,,avatar/default.jpeg,20,192,80,M,2,UT,864,0,
859,,,avatar/default.jpeg,20,187,80,M,2,VT,865,0,
860,,,avatar/default.jpeg,20,190,125,M,2,VA,866,0,
861,,,avatar/default.jpeg,20,182,88,M,2,WA,867,0,
862,,,avatar/default.jpeg,18,172,55,F,2,WV,868,0,
863,,,avatar/default.jpeg,21,187,80,M,3,WI,869,0,
864,,,avatar/default.jpeg,21,195,82,M,2,WY,870,0,
865,,,avatar/default.jpeg,20,185,85,M,2,AL,871,0,
866,,,avatar/default.jpeg,17,182,79,F,2,AK,872,0,
867,,,avatar/default.jpeg,23,185,90,M,3,AZ,873,0,
868,,,avatar/default.jpeg,25,172,56,F,4,AR,874,0,
869,,,avatar/default.jpeg,18,187,85,M,2,CA,875,1,
870,,,avatar/default.jpeg,18,170,54,F,2,CO,876,0,
871,,,avatar/default.jpeg,25,168,63,F,4,CT,877,0,
872,,,avatar/default.jpeg,21,180,73,M,3,DE,878,0,
873,,,avatar/default.jpeg,20,182,73,M,2,FL,879,0,
874,,,avatar/default.jpeg,21,179,74,M,2,GA,880,1,
875,,,avatar/default.jpeg,18,162,54,F,2,HI,881,0,
876,,,avatar/default.jpeg,20,173,66,F,2,AL,882,0,
877,,,avatar/default.jpeg,19,182,72,M,2,AK,883,1,
878,,,avatar/default.jpeg,22,189,89,M,2,AZ,884,0,
879,,,avatar/default.jpeg,26,182,76,M,2,AR,885,1,
880,,,avatar/default.jpeg,23,185,87,M,2,CA,886,1,
881,,,avatar/default.jpeg,18,162,54,F,2,CO,887,0,
882,,,avatar/default.jpeg,18,170,54,F,2,CT,888,0,
883,,,avatar/default.jpeg,16,168,54,F,1,DE,889,0,
884,,,avatar/default.jpeg,19,168,57,F,2,FL,890,0,
885,,,avatar/default.jpeg,19,175,58,F,3,GA,891,0,
886,,,avatar/default.jpeg,23,,165,F,2,HI,892,1,
887,,,avatar/default.jpeg,21,187,85,M,2,ID,893,0,
888,,,avatar/default.jpeg,19,180,75,M,2,IL,894,1,
889,,,avatar/default.jpeg,20,175,58,F,3,AL,895,0,
890,,,avatar/default.jpeg,22,170,66,F,3,AK,896,0,
891,,,avatar/default.jpeg,20,180,57,M,2,AZ,897,0,
892,,,avatar/default.jpeg,21,178,75,M,2,AR,898,0,
893,,,avatar/default.jpeg,19,181,70,M,2,CA,899,1,
894,,,avatar/default.jpeg,17,165,58,F,1,CO,900,1,
895,,,avatar/default.jpeg,19,158,45,F,2,CT,901,0,
896,,,avatar/default.jpeg,16,162,65,M,2,DE,902,1,
897,,,avatar/default.jpeg,22,174,83,M,3,FL,903,0,
898,,,avatar/default.jpeg,23,183,85,M,3,GA,904,0,
899,,,avatar/default.jpeg,28,172,54,F,4,HI,905,0,
900,,,avatar/default.jpeg,20,183,69,M,2,ID,906,0,
901,,,avatar/default.jpeg,21,176,80,M,2,IL,907,0,
902,,,avatar/default.jpeg,22,173,50,F,2,IN,908,0,
903,,,avatar/default.jpeg,22,173,50,M,4,IA,909,0,
904,,,avatar/default.jpeg,19,188,75,M,3,KS,910,0,
905,,,avatar/default.jpeg,24,160,55,F,3,KY,911,0,
906,,,avatar/default.jpeg,23,170,63,M,3,LA,912,0,
907,,,avatar/default.jpeg,21,164,52,F,2,ME,913,0,
908,,,avatar/default.jpeg,22,167,50,F,2,MD,914,0,
909,,,avatar/default.jpeg,18,184,81,M,2,MA,915,0,
910,,,avatar/default.jpeg,28,166,58,F,4,MI,916,0,
911,,,avatar/default.jpeg,18,165,48,F,2,MN,917,1,
912,,,avatar/default.jpeg,23,174,69,F,3,MS,918,0,
913,,,avatar/default.jpeg,22,162,55,F,2,MO,919,1,
914,,,avatar/default.jpeg,21,164,52,F,2,MT,920,1,
915,,,avatar/default.jpeg,20,171,57,F,2,NE,921,0,
916,,,avatar/default.jpeg,18,170,65,F,1,NV,922,0,
917,,,avatar/default.jpeg,21,175,55,M,2,NH,923,0,
918,,,avatar/default.jpeg,20,185,80,M,3,NJ,924,0,
919,,,avatar/default.jpeg,21,159,52,F,2,NM,925,0,
920,,,avatar/default.jpeg,21,165,50,F,2,NY,926,0,
921,,,avatar/default.jpeg,20,165,54,F,2,NC,927,0,
922,,,avatar/default.jpeg,17,185,84,M,1,ND,928,1,
923,,,avatar/default.jpeg,20,175,67,F,2,OH,929,0,
924,,,avatar/default.jpeg,23,163,59,F,3,OK,930,0,
925,,,avatar/default.jpeg,19,155,50,F,2,OR,931,1,
926,,,avatar/default.jpeg,20,170,63,F,2,PA,932,0,
927,,,avatar/default.jpeg,22,183,70,M,2,RI,933,0,
928,,,avatar/default.jpeg,19,163,56,F,2,SC,934,0,
929,,,avatar/default.jpeg,19,153,44,F,2,SD,935,1,
930,,,avatar/default.jpeg,27,173,58,F,3,TN,936,1,
931,,,avatar/default.jpeg,18,165,45,F,1,TX,937,0,
932,,,avatar/default.jpeg,18,178,80,M,2,UT,938,0,
933,,,avatar/default.jpeg,20,155,45,F,2,VT,939,0,
934,,,avatar/default.jpeg,17,170,50,F,2,VA,940,0,
935,,,avatar/default.jpeg,19,163,54,M,1,WA,941,1,
936,,,avatar/default.jpeg,16,164,60,F,2,WV,942,0,
937,,,avatar/default.jpeg,21,171,66,F,2,WI,943,1,
938,,,avatar/default.jpeg,18,167,62,F,1,WY,944,1,
939,,,avatar/default.jpeg,19,166,63,F,2,AL,945,1,
940,,,avatar/default.jpeg,20,,47,F,2,AK,946,1,
941,,,avatar/default.jpeg,16,172,59,M,1,AZ,947,0,
942,,,avatar/default.jpeg,18,172,55,F,1,AR,948,0,
943,,,avatar/default.jpeg,24,175,71,M,3,CA,949,1,
944,,,avatar/default.jpeg,22,182,83,F,2,CO,950,0,
945,,,avatar/default.jpeg,19,162,47,F,2,CT,951,0,
946,,,avatar/default.jpeg,22,180,70,M,2,DE,952,0,
947,,,avatar/default.jpeg,22,193,100,M,2,FL,953,1,
948,,,avatar/default.jpeg,16,180,55,F,2,GA,954,1,
949,,,avatar/default.jpeg,18,170,75,F,2,HI,955,0,
950,,,avatar/default.jpeg,18,164,56,F,2,AL,956,0,
951,,,avatar/default.jpeg,15,190,85,M,0,AK,957,1,
952,,,avatar/default.jpeg,26,186,76,M,4,AZ,958,0,
953,,,avatar/default.jpeg,19,179,60,M,2,AR,959,1,
954,,,avatar/default.jpeg,20,165,57,F,2,CA,960,0,
955,,,avatar/default.jpeg,20,175,62,F,2,CO,961,0,
956,,,avatar/default.jpeg,19,166,51,F,2,CT,962,0,
957,,,avatar/default.jpeg,20,178,83,M,2,DE,963,1,
958,,,avatar/default.jpeg,20,175,65,M,2,FL,964,0,
959,,,avatar/default.jpeg,22,169,59,F,3,GA,965,0,
960,,,avatar/default.jpeg,24,176,48,F,4,HI,966,0,
961,,,avatar/default.jpeg,24,176,48,F,4,ID,967,0,
962,,,avatar/default.jpeg,20,172,75,M,2,IL,968,0,
963,,,avatar/default.jpeg,21,167,56,F,2,AL,969,0,
964,,,avatar/default.jpeg,23,185,92,M,2,AK,970,1,
965,,,avatar/default.jpeg,21,185,75,M,3,AZ,971,1,
966,,,avatar/default.jpeg,17,170,65,F,1,AR,972,0,
967,,,avatar/default.jpeg,19,170,55,F,3,CA,973,0,
968,,,avatar/default.jpeg,18,187,71,M,1,CO,974,0,
969,,,avatar/default.jpeg,19,184,75,M,2,CT,975,0,
970,,,avatar/default.jpeg,19,180,70,M,3,DE,976,0,
971,,,avatar/default.jpeg,22,187,82,M,4,FL,977,0,
972,,,avatar/default.jpeg,18,177,60,M,2,GA,978,0,
973,,,avatar/default.jpeg,19,178,88,F,2,HI,979,1,
974,,,avatar/default.jpeg,20,175,120,F,2,ID,980,0,
975,,,avatar/default.jpeg,21,183,73,F,2,IL,981,1,
976,,,avatar/default.jpeg,23,175,85,F,2,IN,982,1,
977,,,avatar/default.jpeg,19,172,62,F,2,IA,983,1,
978,,,avatar/default.jpeg,19,183,83,M,2,KS,984,0,
979,,,avatar/default.jpeg,21,165,60,F,3,KY,985,0,
980,,,avatar/default.jpeg,19,194,90,M,2,LA,986,1,
981,,,avatar/default.jpeg,18,166,53,F,2,ME,987,0,
982,,,avatar/default.jpeg,19,168,57,F,2,MD,988,0,
983,,,avatar/default.jpeg,18,178,70,M,2,MA,989,0,
984,,,avatar/default.jpeg,22,172,60,F,2,MI,990,0,
985,,,avatar/default.jpeg,21,165,55,F,2,MN,991,1,
986,,,avatar/default.jpeg,20,167,53,F,2,MS,992,0,
987,,,avatar/default.jpeg,19,161,60,F,2,MO,993,0,
988,,,avatar/default.jpeg,20,184,80,M,2,MT,994,0,
989,,,avatar/default.jpeg,19,183,70,M,2,NE,995,1,
990,,,avatar/default.jpeg,30,168,54,F,4,NV,996,0,
991,,,avatar/default.jpeg,29,180,93,M,2,NH,997,0,
992,,,avatar/default.jpeg,21,172,80,M,2,NJ,998,1,
993,,,avatar/default.jpeg,30,200,150,M,4,NM,999,0,
994,,,avatar/default.jpeg,21,173,55,F,2,NY,1000,1,
995,,,avatar/default.jpeg,20,176,78,F,2,NC,1001,1,
996,,,avatar/default.jpeg,18,163,53,F,2,ND,1002,1,
997,,,avatar/default.jpeg,20,190,74,M,2,OH,1003,1,
998,,,avatar/default.jpeg,19,167,53,F,2,OK,1004,0,
999,,,avatar/default.jpeg,28,192,105,M,4,OR,1005,0,
1000,,,avatar/default.jpeg,19,181,70,M,2,PA,1006,0,
1001,,,avatar/default.jpeg,16,153,62,F,1,RI,1007,0,
1002,,,avatar/default.jpeg,18,160,63,F,1,SC,1008,0,
1003,,,avatar/default.jpeg,22,181,72,M,2,SD,1009,0,
1004,,,avatar/default.jpeg,20,172,63,F,2,TN,1010,0,
1005,,,avatar/default.jpeg,22,175,60,M,2,TX,1011,0,
1006,,,avatar/default.jpeg,20,164,57,F,2,UT,1012,0,
1007,,,avatar/default.jpeg,27,183,80,M,4,VT,1013,0,
1008,,,avatar/default.jpeg,18,173,75,F,2,VA,1014,1,
1009,,,avatar/default.jpeg,25,173,58,F,3,WA,1015,0,
1010,,,avatar/default.jpeg,21,185,72,M,2,WV,1016,0,
